Number,Category,Status,Model,Price,Form Statement,Core Reasoning,Admission Test,Failure Modes,Key Disqualifiers,Permanence Mechanism,Confidence,Last Reviewed,Notes,Core_Reasoning,Key_Disqualifiers
1,Frying Pan,DECLARED,Lodge 12 in Cast Iron Skillet (L10SK3),$30-40,,"12-inch cast iron with 3-4mm walls holds thermal mass, resists temperature drops. Inert material-no coatings to fail. Seasoning improves with use (polymerized oil accumulates). Gets better with time. Rust/cracks repairable. Made since 1896 with same specs.",,,"Non-stick (Teflon/ceramic) coatings degrade 2-5 years, mandatory replacement. Stainless steel never improves, hot spots permanent unless $300+ multi-ply. Carbon steel thinner (2mm) less thermal stability. Expensive cast iron (Le Creuset, Finex $200-400) same iron at 5x price-performance ceiling identical.",REPAIRABLE,4.0,2026-01-16,,,
2,Refrigerator,EMPTY,,,,All refrigerators post-2000 contain irrecoverable failure points: (1) Sealed compressor systems with proprietary refrigerants-replacement $600-900 plus labor (50-80% of new unit). (2) Electronic control boards $200-400 fail unpredictably. (3) Economic repair threshold-diagnostic visit $150-200 plus parts crosses replacement cost. Even commercial/high-end (Sub-Zero $8K-15K) use identical sealed systems.,,,"Electronic control boards, sealed burner assemblies, self-cleaning cycles destroy components, proprietary igniters/thermocouples, glass cooktops crack. Vintage 1950s-70s had serviceable compressors but parts extinct and refrigerants regulated. Category needs: mechanical thermostats, compressor as replaceable module (<40% new cost), 20-year parts guarantee, published repair manuals.",,4.0,2026-01-16,Disqualifiers mention range/oven failure modes; rewrite refrigerator-specific disqualifiers.,,
3,Hammer,DECLARED,Estwing E3-16C (16oz Curved Claw),$25-35,,"16oz drop-forged steel, single-piece construction eliminates head-to-handle failure point. Head won't separate because there is no separation-continuous material. Face heat-treated 50 HRC (resists mushrooming, avoids brittle fracture). Vinyl grip bonded but degrades doesn't affect function. Made in Rockford, IL since 1920s. Visible hammer marks on handle evidence forging process.",,,"Wood-handle (Vaughan, Plumb) handles break under shock load or loosen from humidity-maintenance of failure point not elimination. Fiberglass composite handles bond fails, can't be field-repaired. Dead-blow/anti-vibration shot-filled cavities add failure modes. Titanium (Stiletto $200-300) $200+ for 2oz weight savings, proprietary parts single-source dependency.",REPAIRABLE,4.0,2026-01-16,,,
4,Smartphone,EMPTY,,,,"Every smartphone contains lithium battery with 500-1000 charge cycles before degradation forces replacement. Battery replacement $80-150, requires heat/tools, destroys adhesive seals-economically irrational on 3-year-old phone. Software support windows: iOS 5-6 years, Android 2-4 years. After support ends, security vulnerabilities accumulate, apps require newer OS. Hardware functional but unusable through software abandonment.",,,"Sealed construction (glued glass, proprietary screws, integrated components require micro-soldering skills + $5K equipment). iFixit scores 2-6/10. Even Fairphone (modular design) can't escape battery cycle limitation and depends on small manufacturer survival. Category needs: replaceable battery without tools, 10-year minimum software support, modular construction with commodity parts, open bootloader policy.",,4.0,2026-01-16,,,
5,Kitchen Knife,DECLARED,Victorinox Fibrox 8 in Chef's Knife (40520),$45,,"High-carbon stainless steel (X50CrMoV15), full tang, easily sharpenable with standard stones. Fibrox handle injection-molded plastic won't delaminate like wood or require maintenance. Used professionally globally. 15-degree factory angle maintainable or modifiable. When dull, sharpen. When damaged, regrind. Failure mode: grinding blade to nothing over decades of sharpening (hundreds of cycles possible).",,,"High-carbon non-stainless (vintage Sabatier) requires rust prevention. Japanese knives (Shun, Global) harder steel (60+ HRC) chips vs rolls-less forgiving. Expensive German (Wüsthof Classic $150+) same steel at 3x price for weight/aesthetics. Serrated non-resharpenable. Ceramic blades brittle, catastrophic failure. Stamped thin steel flexes, loses geometry.",DURABLE,4.0,2026-01-16,,,
6,Washing Machine,EMPTY,,,,"Every modern washer fails through electronic controls or sealed transmissions. Speed Queen TC5 (2018+) uses mechanical timer and commercial transmission but costs $1,100-1,400-repair economics still questionable. Pre-2000 Maytag Dependable Care/Whirlpool Direct Drive had serviceable transmissions and simple controls but parts availability collapsed. Front-loaders universally fail through door seal mold, bearing assemblies, control boards. Bearings pressed into drum-replacement $400-600 labor.",,,"Electronic control boards, sealed transmissions, proprietary sensors, complex wash algorithms requiring software. Even commercial (Maytag Commercial, Speed Queen) use same sealed bearing assemblies and electronic boards. Category needs: mechanical-timer, owner-serviceable, 20-year parts availability, published service manuals. None exists in current production.",,4.0,2026-01-16,,,
7,Saucepan,DECLARED,Tramontina Tri-Ply Clad 3-Quart,$70,,"Aluminum core clad in stainless-even heating + non-reactive surface. Welded handles eliminate rivet-crevice cleaning problem. Same construction as All-Clad at 1/3 price. Induction-compatible. Indefinite thermal cycling. Made in Brazil. Stainless cooking surface, magnetic exterior for induction. Tri-ply (aluminum core, stainless interior/exterior) is structurally sound for lifetime use.",,,"All-Clad identical construction at $200-280-paying for Made in USA and brand. Copper requires polishing maintenance, costs $300+. Enameled cast iron (Le Creuset) weighs 8-10 lbs for 3-quart, enamel can chip. Single-ply stainless creates hot spots. Non-stick is 3-5 year countdown timer (coating degrades).",DURABLE,4.0,2026-01-16,,,
8,Screwdriver,DECLARED,Wiha 26547 #2 Phillips (6 in blade),$18,,Chrome-vanadium steel through-hardened to 56 HRC. Tip geometry precision-ground-exact fit to Phillips recess reduces cam-out. Handle injection-molded directly to shaft (no separate grip to delaminate). Made in Germany with consistent QC. Phillips #2 is most universal drive type in USA. 6-inch blade length optimal for general use.,,,Cheap Phillips drivers have soft tips that mushroom under torque. Klein (electrician-focused) good but handles bulkier. Wera costs 2x for laser-etched tip (marginal benefit). Multi-bit drivers (Megapro) introduce wobble at bit-shaft connection. Ratcheting mechanisms add failure point. NOTE: Phillips fundamentally compromised drive system (designed to cam-out)-Robertson superior where available.,DURABLE,4.0,2026-01-16,,,
9,Dutch Oven,DECLARED,Lodge 6-Quart Enameled Cast Iron (EC6D43),$70-90,,"Cast iron base for heat retention, vitreous enamel fused at 1400°F (non-reactive, no seasoning required). Same material as Le Creuset at 1/5 price. Darker enamel hides staining better than Le Creuset light interiors. Enamel chips expose iron but remains functional-season exposed spot. Catastrophic failure requires severe impact. Indefinite thermal cycling if not thermally shocked (cold water on hot pot).",,,"Le Creuset $350-400 for color options, same performance. Bare cast iron requires seasoning maintenance, reacts with acidic foods (tomatoes, wine). Stainless steel Dutch ovens (All-Clad) don't retain heat like cast iron-braising with stockpot not proper vessel. Staub $300+ for self-basting lid features that are marginal improvement. Thin walls (any material) poor heat retention.",DURABLE,4.0,2026-01-16,,,
10,Laptop,EMPTY,,,,"Framework Laptop (13 in and 16 in) designed explicitly for repairability (modular ports, replaceable everything, open schematics, QR codes on components) BUT company <5 years old-parts availability depends on survival. All laptops fail through: (1) Lithium batteries 500-1000 cycles, (2) Software support windows 5-8 years, (3) Display/keyboard wear. Used ThinkPad T480 (last model with socketed RAM + replaceable battery) closer but parts availability declining.",,,"Soldered RAM/storage (MacBook, most modern), glued batteries, proprietary SSDs, non-replaceable displays/keyboards, software obsolescence. MacBooks: soldered everything, proprietary SSDs, glued batteries, intentional software lockouts-$800 logic board replacement. Category needs: user-swappable batteries (no tools, like pre-2012 ThinkPads), 15-year software support commitments, standardized replacement parts, open firmware/BIOS.",,4.0,2026-01-16,,,
11,Coffee Maker,EMPTY,,,,"Category fragments by brew method: (1) Drip = EMPTY (heating elements scale/fail, electronics, plastics). Technivorm Moccamaster $300+ best but has replaceable heating element (consumable), depends on company for parts. (2) French Press = Bodum Chambord DECLARED ($60, glass carafe replaceable, stainless frame indefinite, mesh filters replaceable). (3) Moka Pot = Bialetti 6-cup DECLARED ($40, gasket consumable but replaceable, aluminum pot indefinite, requires stovetop). (4) Espresso = EMPTY (complexity, pumps, solenoids, electronics, maintenance requirements).",,,"Cannot declare coffee maker without specifying extraction method. Drip makers have consumable heating elements, electronics fail, plastic degrades. Even semi-automatic/automatic espresso machines (everything else) fail through pumps, solenoids, electronics. Manual lever machines (La Pavoni Europiccola) have gaskets, boilers that scale, group heads requiring maintenance expertise. Category too fragmented for single declaration.",REPAIRABLE,2.0,2026-01-16,"Split suggested: Drip Coffee Maker, French Press, Moka Pot, Espresso Machine.","""Coffee Maker"" is not a single Form: drip, French press, moka pot, and espresso are different Forms with different constraints. Without narrowing to one brewing method, no single Platonic declaration is possible.","Category must be narrowed first (e.g., Drip → likely EMPTY; French Press → declare; Moka Pot → declare; Espresso → likely EMPTY)."
12,Drill,DECLARED,Makita 6302H 1/2 in Corded Drill,$180,,"Corded: Eliminates battery obsolescence. Metal gearbox, serviceable motor, replaceable cord. Industrial-grade. DECLARED for workshop use where cords acceptable. Cordless: EMPTY-all fail through battery obsolescence (lithium-ion 3-5 years / 500-1000 cycles). Milwaukee M18/DeWalt 20V/Makita 18V LXT high quality but batteries are countdown timers at $80-150 replacement. Battery platforms change-backwards compatibility not guaranteed 15+ years.",,,"Cordless batteries = 500-1000 cycles then $80-150 replacement approaching tool cost. Platform changes (Milwaukee M12/M18, DeWalt 20V) break backwards compatibility. Brushless motors have electronic speed controllers that fail (more complex than brushed). Plastic gearboxes fail under torque. Sealed switches non-serviceable. Even if Milwaukee commits to M18 platform 20 years, batteries themselves consumable. Pushes cordless category toward EMPTY unless accept battery replacement as normal maintenance.",WARRANTY,2.0,2026-01-16,Split suggested: Corded Drill (declared) vs Cordless Drill (likely empty).,"Form narrowed to workshop drilling/driving where a cord is acceptable. Corded power eliminates battery obsolescence. Metal gearbox, serviceable brushed motor (replaceable brushes), replaceable power cord; built for long service life.",Cordless drills fail the Platonic test due to lithium battery degradation and platform churn; battery replacement becomes a countdown timer.
13,Kettle,DECLARED,OXO Classic Tea Kettle (stovetop),$40,,"Brushed stainless steel body (no coatings to degrade), heat-resistant silicone handle, whistling spout with silicone gasket (OXO sells replacements). Base construction permanent-welded stainless vessel. Only consumable is whistle gasket which can be replaced. Consistent manufacturing since ~2005. Indefinite thermal cycling. 1.7 quart capacity. Stovetop use on any heat source.",,,"Electric kettles: sealed heating elements scale and fail, plastic components degrade, automatic shutoff switches fail. Even premium (Fellow, Breville) fail through these mechanisms. UK-market Russell Hobbs better quality than US but still sealed elements. Copper requires polishing maintenance. Enameled steel (Le Creuset) has enamel chip risk. Glass kettles (Hario Buono) show mineral deposits, spout geometry drips. Cheap stainless has spot-welded handles that fail at weld points.",CONSUMABLE,4.0,2026-01-16,,,
14,Task Chair,SPLIT_REQUIRED,,,,"Mesh suspension doesn't compress like foam. All parts replaceable: gas cylinder ($50, standard size), tilt mechanism rebuildable, armrests replaceable, casters standard 2.5 in. Mesh replaceable at $300-400 (expensive but possible). NEW Aeron pricing ($1,400-1,800) makes repair economics questionable-mesh replacement approaches 25% new chair cost. Used market (2010-2016 Aerons) $400-700 is viable entry point. Size B fits 5 ft3 in-6 ft3 in.",,,"New pricing irrational for repair economics. Steelcase Leap has similar rebuildability but foam seats compress over 10+ years (foam replacement requires reupholstery). IKEA Markus ($250) sealed construction-gas cylinder failure requires drilling out rivets, non-recoverable. Used Aeron market is actual answer but buy used weakens clean declaration since condition varies and seller reliability matters.",,,2026-01-16,Split into Task Chair (New) vs Task Chair (Used). Keep parent as index only.,,
15,Toaster,EMPTY,,,,"Dualit Classic Toaster (2-slice, UK-made, $300+) designed for rebuildability-replaceable elements ($30), timer ($25), chassis components, hand-assembled. BUT mechanical timer still fails and requires expertise to replace. Heating elements degrade through oxidation and thermal cycling. Nichrome wire in open air oxidizes, fails at $30 per element + labor. Breville Die-Cast ($100-200) sealed-when elements fail entire toaster scrap. Basic mechanical ($30-40) non-serviceable, elements fail 3-7 years.",,,"Heating elements non-user-replaceable in all models. Nichrome wire oxidizes with thermal cycling (10-20 years typical). Element replacement requires disassembly and electrical knowledge. At $30 element + labor, repair approaches replacement cost for non-Dualit. Electronic browning sensors add failure modes. Plastic housings near elements melt/degrade. Pop-up springs weaken. Dualit's replaceability admirable but $300+ pricing plus $25 parts makes it maintenance project not recoverable tool. Category needs: easily replaceable elements (5-minute user swap), mechanical timers lasting 15+ years, housing that doesn't melt, sub-$100 pricing for rational repair economics.",,4.0,2026-01-16,,,
16,Backpack,DECLARED,Tom Bihn Synik 30,$325,,"1050 denier ballistic nylon, bartacked stress points, YKK #8 or #10 zippers (rebuildable), padded shoulder straps with replaceable foam, aluminum frame stays (user-adjustable). Lifetime repair service in Seattle. Made with stable design, small production runs. Zippers eventually fail (5,000-10,000 cycles depending on load) but YKK #8/10 replaceable by any tailor/gear repair shop at $40-80. Fabric abrasion at stress points patchable. Strap foam compresses but replaceable.",,,"Military surplus (ALICE pack) nylon frame serviceable but crude ergonomics, designed for external frame loads not everyday carry. Osprey excellent All Mighty Guarantee but modern models use proprietary buckles and foam systems not user-serviceable. GoRuck GR1 similar construction (1000D Cordura, YKK #10, lifetime guarantee, $395 for 26L) but slightly more tactical aesthetic. Cheap nylon abrades. Plastic buckles snap. Fashion brands sacrifice function for appearance.",WARRANTY,4.0,2026-01-16,,,
17,Mattress,EMPTY,,,,"Every mattress type fails through material degradation: (1) Innerspring-coils lose tension over 7-10 years, foam comfort layers compress, quilted tops shift creating valleys. (2) Memory foam-polyurethane compresses permanently 3-5 lb density lasts ~7-10 years, lower density fails sooner. (3) Natural latex (Dunlop/Talalay) lasts longest 15-20 years but still degrades. (4) Airbeds (Sleep Number)-motorized pumps fail, chambers leak, foam layers still compress. Modular latex (Sleep On Latex offers replacement layers) but replacing layers $200-400 each after 15 years.",,,"Foam compresses permanently (innerspring comfort layers + memory foam entire structure). Springs lose tension. Quilted tops shift. Non-removable covers can't be washed. Not repairable-sewn construction prevents component access. High-quality latex mattresses $1K-2K for queen still degrade 15-20 years. Category needs: modular construction where layers replaceable individually, no foam that compresses permanently, removable/washable covers, standard sizing, sub-$1K pricing for rational component replacement. Closest is modular latex with layer replacement but this is ongoing consumption not rebuilding.",,4.0,2026-01-16,,,
18,Hand Saw,DECLARED,Gyokucho Razorsaw 240mm (9.5 in),$50-80,,"Japanese pull saw with replaceable blade ($15-20 every 2-5 years depending on use). User-replaceable consumable blade is transparent consumption vs disposable impulse-hardened Western saws that can't be maintained. Hardened teeth stay sharp longer than traditional resharpenable. Alternative for purists: Vintage Disston D-8 saws (1900-1950, $40-100 eBay) IF owner can sharpen or pay for sharpening service ($40-60).",,,"Impulse-hardened Western saws (Sandvik, Bahco) have hardened teeth that cannot be resharpened-entire saw disposable at $25-40 when dull. Traditional resharpenable Western saws (Disston D-8 pattern, Lie-Nielsen $240-280) require expertise (saw files $20-30, saw set $40-60, understanding tooth geometry). Average owner can't maintain. Replaceable blade approach more honest-acknowledges blade as consumable, priced rationally ($15-20), user-replaceable without expertise.",REPAIRABLE,4.0,2026-01-16,,,
19,Desk,DECLARED,6 ft solid wood butcher block + legs,$500-1K,,"Solid wood slab (maple, oak) 6 ft x 30 on simple legs survives indefinitely. $400-600 for top (Boos Block or equivalent)",,,plus legs $100-200 (pipe legs or IKEA Olov adjustable). Refinishable surface-scratches sand out. No joints to fail if single slab. Heavy (80-120 lbs) but stable. DIY-friendly. Alternative: Used commercial steel-frame desk (HON,DURABLE,4.0,2026-01-16,,,
20,Boots,DECLARED,White's Semi-Dress (work boots),$450-550,,"Goodyear welt construction (resolvable), full-leather upper and lining, made in Spokane WA with custom fit sizing. Resoling $125-175 every 5-10 years is expected maintenance like bicycle drivetrain. Alternative: Red Wing Iron Ranger ($350-400) also resolvable with cork midsole that compresses but replaceable. NOTE: Hiking boots = EMPTY-all modern hiking boots use EVA foam midsoles that compress permanently (non-recoverable) and glued construction that delaminates at 500-1,000 miles. Even Goodyear-welted hiking boots have foam midsoles structural and non-recoverable.",,,"Cemented soles non-resolvable (most shoes under $200). Hiking boots: EVA midsoles compress and degrade (500-1K miles), delamination from glued construction. Traditional all-leather hiking boots (Asolo, Scarpa older models) rare and heavy. Synthetic uppers crack over time. Gore-Tex linings non-repairable when they fail. Fashion boots use thin leather that doesn't survive resoling cycle. Dress boots overlap shoes category-would declare separately there.",REPAIRABLE,4.0,2026-01-16,,,
21,Oven/Range,EMPTY,,,,"All ranges fail through: electronic ignition systems, control boards for ovens, sealed burner assemblies. When igniter fails ($30 part, $150-200 service call) or control board fails ($200-400 part + labor), repair approaches replacement cost for mid-range models. Pre-1990s gas ranges had standing pilot lights (no electronics) and serviceable thermostats but parts availability collapsed. Electric ranges: coil elements replaceable ($20-40) but smooth-top elements integrated into glass-element failure may require entire cooktop replacement ($300-600).",,,"Electronic control boards, sealed burner assemblies (gas), self-cleaning cycles destroy components through extreme heat, proprietary igniters/thermocouples, glass cooktops crack and integrate heating elements. Commercial-style ranges (Wolf, Blue Star, Viking $5K-12K) use similar components at higher price-parts availability better but expensive. At $10K purchase price even $1K repairs rational but pricing inaccessible. Vintage ranges (1950s-70s) had mechanical thermostats + standing pilots but parts extinct and refrigerants regulated. Category needs: mechanical oven thermostats (no control boards), user-replaceable igniters and elements, standardized burner assemblies, 20-year parts guarantee, published service manuals.",,4.0,2026-01-16,,,
22,Belt,DECLARED,"Hanks Gunner Belt 1.5 in width, full-grain leather",$70,,"Full-grain leather (10-12 oz / 4-5mm thick), single-piece construction with no stitching to fail, solid brass or stainless buckle (replaceable if needed), burnished edges eliminate stitching failure point. Patinas rather than degrades. Belt holes eventually elongate from repeated buckling (10+ years with quality leather)-when this happens, punch new holes with leather punch ($10) or add hole between existing. Belt never fully fails, just develops character. Made in USA. Alternative: Beltman horsehide ($70-90) even more durable (horsehide denser than cowhide) but stiffer initially.",,,"Department store belts genuine leather (split leather) or bonded leather (scraps glued to fabric) crack and delaminate 2-5 years. Buckles plated zinc corrodes. Fashion brands (Gucci, Ferragamo, Hermès $400-800) similar leather (sometimes thinner) with brand markup-buckles brand-identifiable but leather not higher quality. Thin leather (<3mm) stretches permanently. Stitched construction adds failure point at thread. Complex buckles add failure modes.",REPAIRABLE,4.0,2026-01-16,,,
23,Freezer,EMPTY,,,,"Identical failure modes to refrigerator: sealed compressor systems (non-serviceable), electronic control boards, proprietary parts, irrational repair economics (repair approaches replacement cost). Chest freezers (Frigidaire FFFC15M4TW $400-500 for 15 cu ft) mechanically simpler than uprights (no fans for air circulation) and more efficient (cold air doesn't spill when opened). Manual defrost eliminates defrost timer failure point but compressor and thermostat still non-serviceable. 10-15 year replacement cycle by design.",,,"(See Refrigerator declaration-same structural issues apply.) Sealed compressor systems with proprietary refrigerants-replacement $600-900 approaches 50-80% new unit. Electronic boards $200-400. Economic repair threshold (diagnostic $150-200 + parts + labor crosses replacement). Even manual-defrost chest freezers can't escape sealed compressor problem. Category needs: mechanical thermostats (no electronic boards), compressor as replaceable module (<40% new unit cost), 20-year parts guarantee with published service manuals.",,4.0,2026-01-16,,,
24,Adjustable Wrench,DECLARED,Bahco 8 in Adjustable Wrench,$35-45,,"Forged steel body, precision-machined worm gear with minimal jaw play. Swedish manufacture (original 1892 patent holder) maintains quality. Worm gear threads eventually wear but takes decades of heavy use. Made by original inventor's company with consistent QC since patent. Alternative: Knipex Pliers Wrench (86 05 180, 7 in, $40-50) mechanically superior-parallel jaws adjust to fastener without slipping, no worm gear to wear (just pivot point), grips without crushing chrome plating. Purist alternative: Vintage Crescent wrenches (pre-1980, $15-30 eBay/garage sales) less jaw play than modern.",,,Crescent brand (owned by Apex Tool Group) has quality drift-newer models (2010+) have more jaw play than vintage (pre-1980). Stamped jaws (not forged) flex under load. Plastic adjustment mechanisms fail. Soft steel rounds edges under torque. Quick-adjust mechanisms add complexity and failure points. Excessive jaw play/slop reduces grip effectiveness and rounds fastener heads.,DURABLE,4.0,2026-01-16,,,
25,T-Shirt,DECLARED,Velva Sheen 2-Pack Pocket Tee,$40/2,,"100% tubular knit cotton (no side seams to fail), 6.5 oz heavyweight fabric resists thinning. Made in USA since 1950s. Tubular construction eliminates side seam failure. Heavy fabric (6.5 oz vs 4-5 oz standard retail) extends lifespan. 3-5 years with proper care (cold wash, line dry, minimal wearing to reduce wash cycles). Fabric degradation inevitable-even premium t-shirts fail as cotton fibers break down through washing, wearing, UV. Alternative for value: Kirkland Signature white tee 6-pack ($18) surprisingly durable Pima cotton with consistent manufacturing.",,,"Thin retail tees (<5 oz from Target, H&M $10-15) develop holes in 1-2 years / 50-100 washes. Blended fabrics with synthetic pill aggressively. Premium tees ($75+ like 3sixteen) only marginally longer-lived (5-7 years)-per-wear cost similar if longevity only doubles. Screenprinted graphics crack and fade. Ribbed collars stretch permanently. T-shirts are SEMI-CONSUMABLE-must accept 3-5 year replacement or hand-wash minimally and line-dry to extend life. Even best option degrades predictably.",CONSUMABLE,4.0,2026-01-16,,,
26,Jeans,DECLARED,"Levi's 501 Shrink-to-Fit (Raw, 100% cotton, button fly)",$60-70,,"13.5-14 oz 100% cotton denim (no stretch), button fly eliminates zipper failure, riveted stress points, simple five-pocket design unchanged since 1890s. Raw/unwashed allows shrink-to-fit customization to body. With proper care (cold wash, line dry, infrequent washing): 5-10 years before crotch blowout. After professional darning/patching: additional 3-5 years. Total lifespan 8-15 years possible. Denim can be darned, patched, reinforced by tailor ($40-60) or DIY visible mending. Alternative: Vintage Levi's (1980s-90s USA-made, $50-100 eBay) have heavier denim than modern but quality assurance luck-dependent.",,,"Stretch denim (any % elastane/spandex 2-5%) loses recovery over time-elastic fibers fatigue, jeans become baggy within 1-3 years regular wear. Japanese selvedge (Iron Heart 21 oz $400+, Pure Blue Japan $300+) superior denim and fade patterns but $400 creates emotional attachment that works against tool use-you baby expensive jeans. Cost-to-durability ratio plateaus. Workwear (Carhartt, Dickies) double-front more abrasion-resistant but heavier, less versatile; lighter work pants use 10-11 oz denim optimized for low cost not longevity. Thin denim (<12 oz) fails faster.",DURABLE,4.0,2026-01-16,,,
27,Jacket/Coat,DECLARED,Barbour Beaufort Waxed Cotton Jacket,$400-450,,"Barbour Beaufort/Border: Waxed canvas (8-10 oz) water-resistant and re-waxable by owner (Barbour Thornproof $20/tin every 1-2 years). Heavy cotton canvas resists abrasion. Corduroy collar and interior replaceable. Brass zippers durable and replaceable by tailor ($40-60). Factory refurbishment service available (~$150-200 for full rewax, liner replacement, repairs). USN Peacoat: Heavy wool (32 oz), anchor buttons, simple construction. Available surplus $100-200. Size standardization means finding fit possible. Lasts 50+ years with mothproofing. Technical shells/insulated jackets EMPTY.",,,"Gore-Tex/technical shells: All waterproof-breathable membranes (Gore-Tex, eVent, Pertex) delaminate 3-7 years-polyurethane coating separates from face fabric, irreversible. Arc'teryx, Patagonia use these membranes-all same 5-10 year failure. Down jackets: down maintains loft better than synthetic but still compresses 10-15 years, baffle stitching tears (down migrates), shell fabrics delicate. Synthetic insulation (Primaloft, Climashield) compresses permanently after 5-7 years, 30-50% degradation, non-recoverable. M65 Field Jacket liner difficult to replace.",REPAIRABLE,2.0,2026-01-16,Multiple products listed; category must be split or a single default declared.,Form narrowed to durable rain/wind shell with renewable water resistance. Waxed cotton can be re-waxed indefinitely; heavy canvas resists abrasion; zippers/linings are repairable; supports decades of use with maintenance.,Waterproof-breathable membrane shells (Gore-Tex/eVent/etc.) delaminate in ~3–7 years and are not truly rebuildable.
28,Chisel,DECLARED,"Narex Richter Extra 4-piece set (6mm, 12mm, 19mm, 25mm)",$60-80,,"Chrome-manganese steel (harder than standard carbon but easily sharpenable with standard stones), through-tang construction (metal runs full length through handle eliminating handle failure), European hornbeam handles (impact-resistant hardwood), polished backs ready for sharpening. Made in Czech Republic. Bench chisels for paring and light mallet work. Edge will eventually wear down from repeated sharpening-25mm chisel with 150mm blade can be sharpened hundreds of times over decades before too short.",,,"Modern Stanley has quality drift-pre-1960s Stanley 750 series were excellent (laminated steel, socket construction) but current production uses softer steel that doesn't hold edge. Japanese chisels (Iyoroi, traditional) use laminated construction (hard steel edge, soft steel body) superior for finish work but require flattening back (labor-intensive prep), specialized sharpening technique, cost $60-150 per chisel-excellent for dedicated woodworkers, overkill for general use. Plastic handles crack under impact. Hollow handles (tang doesn't go through) fail. Mortise chisels specialized, bench chisels more versatile.",DURABLE,4.0,2026-01-16,,,
29,Pliers,DECLARED,Channellock 430 10 in Tongue-and-Groove Pliers,$25-30,,"Channellock 430: Drop-forged steel, PermaLock fastener (joint stays tight), 7 jaw positions, made in Meadville PA since 1886. Tongue-and-groove simple and robust. Vise-Grip 10CR: Toggle-over-center locking mechanism (mechanically simple), adjustable pressure screw, wire cutter integrated (dulls but doesn't affect main function), USA or China made. Knipex 26 12 200: Box-joint construction (stronger than lap joint), induction-hardened cutting edges (63 HRC), precision-ground tips, long nose for confined spaces.",,,Soft steel jaws deform under torque. Loose pivot joints develop over time with cheap pliers. Multi-tool complexity adds failure points. Plastic-dipped handles delaminate with use/age. Basic slip-joint pliers fallen out of favor-most users prefer groove-joint or locking for better functionality. Knipex Cobra ($40-50) has push-button adjustment (faster than groove-joint) and excellent quality but adds complexity-Channellock's simpler groove-joint fewer failure modes at 40% less cost. Both outlast owners with normal use.,DURABLE,2.0,2026-01-16,Multiple products listed; category must be split or a single default declared.,"Form narrowed to adjustable groove-joint pliers for general gripping. Drop-forged steel, simple tongue-and-groove mechanism, tight joint hardware, minimal failure modes; proven design over decades.",Push-button mechanisms add complexity; locking pliers and needle-nose are different Forms and must be separate categories.
30,Tape Measure,DECLARED,Stanley FatMax 25 ft x 1-1/4 in,$20-25,,"1.25 in blade width provides 13 ft standout before buckling. Mylar-coated blade resists abrasion better than bare steel. Heat-treated spring. Cushion grip absorbs drop impact. Made in USA or Mexico (both acceptable quality). 5-10 years professional/contractor daily use, 10-25 years homeowner occasional use. At $20-25 replacement cost is rational when blade kinks, spring fatigues, or housing cracks. Not rebuildable (repair = $15-20 parts/labor approaches new cost) but consumable at acceptable intervals.",,,"Generic hardware store tapes ($8-12) use thinner blades that kink on first hard bend, weaker springs that fatigue quickly, housings that crack on first drop from height-false economy, fail 3-5 years. Milwaukee STUD ($25-30) slightly better standout (14 ft for 25 ft tape) and premium feel but durability equivalent-paying for branding and incremental features. Laser measures (Bosch GLM, Leica Disto $60-300) require batteries, electronics fail, not as reliable for general purpose despite speed advantage for some applications. Blade kinks most common failure (improper angle bending). Spring fatigue gradual (blade retracts slower). Housing cracks from drops. Hook rivets loosen making measurements inconsistent.",REPAIRABLE,4.0,2026-01-16,,,
31,Tent,DECLARED,Springbar Highline 6 Canvas Tent,"$600-1,000",,"100% cotton canvas (8-10 oz), no coatings to delaminate. Steel or aluminum frame. Water-resistant through tight weave (swells when wet to seal). Re-treatable with canvas wax every 3-5 years ($40-60). Repairable by canvas/sail shops. 20+ years if stored dry and treated. 40-80 lbs weight-car camping/semi-permanent only, NOT backpackable. Backpacking tents EMPTY: All modern lightweight tents use silnylon/silicone-coated ripstop (fly) and PU-coated nylon (floor/body) that delaminate 5-15 years depending on UV exposure. Even premium (Hilleberg $800-1,500) same materials/timeline.",,,"BACKPACKING TENT = EMPTY: Universal failure modes-(1) PU coatings on floors/bodies flake off 5-10 years (recoating possible with McNett $20 but temporary), (2) Silnylon becomes sticky and loses water resistance 7-15 years (not repairable, fabric must be replaced), (3) Shock cord in poles loses tension 3-7 years (replaceable $10-15 but requires disassembly), (4) YKK #5 zippers fail 1K-5K cycles (replaceable $40-80 but expensive for $200-400 tents), (5) Floor abrasion at pressure points. Technical tents optimize weight/packability accepting 7-15 year lifespan. Canvas too heavy (10-20x) for backpacking-different Form.",REPAIRABLE,2.0,2026-01-16,Split suggested: Car Camping Tent (canvas) vs Backpacking Tent (empty).,Form narrowed to car-camping / semi-permanent shelter where weight is not critical. Cotton canvas avoids coating delamination; repairable by canvas shops; waterproofing is renewable; can last 20+ years if stored dry and maintained.,Backpacking tents rely on PU/silicone coatings that delaminate with time/UV; category becomes EMPTY when packability is required.
32,Sleeping Bag,DECLARED,"Western Mountaineering Ultralite 20°F (or Feathered Friends, Katabatic Gear)",$600-700,,"850+ fill power goose down, differential cut (eliminates cold spots), continuous baffles (down can be shifted), YKK #5 zipper, made in San Jose CA with lifetime repair service. 15-20 years maximum with perfect care: store lofted (never compressed), minimal washing (1-2 times total), keep dry, gentle use. Down addition service available $100-200 after 500+ nights to restore loft. BORDERLINE-close to EMPTY due to inevitable loft degradation and high maintenance requirements. Synthetic bags purely consumable (Primaloft, Climashield compress permanently 3-5 years, 30-50% value loss, non-recoverable).",,,"Synthetic insulation compresses permanently-after 3-5 years regular use, 30-50% insulation loss, non-recoverable. Mass-market down (Coleman, Kelty, REI Co-op $200-300) uses lower fill power (600-700) and cheaper construction-lasts 5-7 years before compression noticeable. Even best down bags degrade: down slowly loses loft from compression cycles (15-30% after 500-1K nights), foam comfort layers still compress, baffles separate (repairable $80-150), shell tears (patchable), zippers fail (replaceable $60-100). High maintenance: storage uncompressed, wash rarely, dry conditions, gentle use. Close to EMPTY-only warranty/repair services keep this declarable.",WARRANTY,4.0,2026-01-16,,,
33,Water Bottle,DECLARED,Klean Kanteen Classic 27 oz single-wall,$25-30,,"18/8 food-grade stainless steel, single-wall construction (no vacuum insulation to fail), wide mouth allows hand/brush cleaning, simple loop cap or sport cap, BPA-free, made in China with consistent QC. Indefinite lifespan-it's a welded steel tube with threaded opening. Dents don't affect function. Replace cap ($8-12) if worn. Insulated bottles (Hydro Flask, similar) are 5-15 year consumables when vacuum fails from outer wall dents-air enters, insulation lost, non-repairable.",,,"Insulated/vacuum bottles: Double-wall with vacuum between walls keeps contents hot/cold for hours BUT if outer wall dents, vacuum fails (air enters), non-repairable, 5-15 years depending on handling. Hydro Flask, similar ($35-50) same failure mode. Nalgene (polycarbonate/Tritan plastic $12-15) scratches internally (harbors bacteria), can absorb strong flavors (coffee), plastic degrades with UV 5-10 years-functional but not ideal, rational replacement cost. Glass (Lifefactory $20-25) superior taste-neutrality but fragile-silicone sleeve helps but breakage risk high. Complex caps with multiple seals add failure points. Narrow mouths prevent proper cleaning.",REPAIRABLE,4.0,2026-01-16,,,
34,Flashlight,DECLARED,Maglite 2D LED,$30-35,,"Aluminum body (impact-resistant, heat-dissipating), standard D-cell batteries (universally available), LED module replaceable ($12-15, 50,000 hour lifespan = 5.7 years continuous use), simple twist switch (fewer failure points than button), made in USA (Ontario, CA), lifetime warranty. Battery leakage preventable: remove batteries during storage or use NiMH D-cell rechargeables. O-rings dry out (replaceable $3-5). Nearly indestructible-aluminum survives drops, LED lasts decades, batteries are commodity, twist switch mechanically simple, no electronics beyond LED driver.",,,"Proprietary batteries (Surefire, Streamlight use CR123A lithium) expensive ($3-5 per battery vs $1 alkaline D-cell) and availability depends on continued production-format could change forcing obsolescence. 18650 lithium rechargeable has higher energy density and rechargeable (500-1K cycles) but proprietary format-when scarce (format change, manufacturer discontinuation) flashlight obsolete. High-end 18650 lights (Fenix, Zebralight $60-120) efficient and bright but depend on 18650 availability + electronic drivers (can fail) + complex UI with switches that wear. Simplicity = durability. Alternative: Maglite 3C or 2AA smaller size, same philosophy.",WARRANTY,4.0,2026-01-16,,,
35,Sweater,DECLARED,Traditional Aran (Irish) Cable Knit from Aran Sweater Market or Carraig Donn,$80-120,,"100% wool (typically merino or wool blend), cable knit construction provides structure that resists stretching, 4-5 ply thick yarn more durable than fine gauge, made in Ireland with traditional patterns. Dense cable knit resists pilling and holds shape. Wool naturally antibacterial and odor-resistant (requires less frequent washing). 15-25 years with proper care: hand wash cold or gentle/wool cycle, lay flat to dry (hanging stretches shoulders), store with moth prevention (cedar, lavender, mothballs). Failure modes: moth damage (preventable, repairable by darning), pilling (removable with sweater stone), elbow wear (repairable with patches or darning), felting from hot water agitation (preventable).",,,"Cashmere ($200-800) softer but less durable-finer fibers pill more aggressively, wear through faster at friction points, 5-10 years vs 15-25 for Aran. Merino base layers (Icebreaker, Smartwool $80-150) finer gauge optimized for layering, more delicate, develop holes 3-7 years. Cotton sweaters lack elasticity, stretch permanently, pill badly, minimal warmth for weight. Synthetic (acrylic, polyester $30-50) pill aggressively and permanently-pills can't be removed (melted synthetic fibers), 2-4 years before unwearable. Requires proper care (hand wash, moth prevention) but this is acceptable maintenance like cast iron seasoning.",REPAIRABLE,4.0,2026-01-16,,,
36,Cooler,DECLARED,RTIC 45-Quart (or 52-Quart) Rotomolded,$200-250,,"Rotomolded polyethylene (one-piece, no seams), 2 in+ polyurethane foam insulation, rubber T-latches (replaceable), stainless steel hinges/hardware, integrated tie-down slots. 5-7 day ice retention. 20-30 years with part replacements: drain plug ($8-12), latches ($10-15 per), gasket ($20-30), rope handles ($15-25). Same construction as Yeti but $100-150 less. Made in China, similar QC. Yeti equivalent at 60% cost-Yeti patents expired, RTIC/Orca/Pelican offer identical rotomolded construction. 45-50 quart optimal size: holds 2-3 days food/drinks for 4 people, fits truck bed, manageable ~80 lbs when full.",,,"Coleman traditional ($50-70) blow-molded plastic (thinner walls), 1 in foam, plastic hinges break 3-5 years, stamped metal latches, holds ice 3-5 days-consumable coolers. Yeti Tundra 45 ($300-400) identical construction but brand tax. Metal coolers (vintage Coleman steel-belted $150-250 new, $50-100 vintage) aesthetic but heavy (25 lbs empty vs 20 lbs plastic), insulation inferior to modern foam-collector items not optimal tools. All rotomolded failure modes recoverable with cheap parts ($8-30). At $250, rational to maintain vs replace.",REPAIRABLE,4.0,2026-01-16,,,
37,Pocket Knife,DECLARED,Opinel No. 8 Stainless,$18-20,,"Victorinox Cadet: 8 functions (large blade, small blade, nail file, screwdriver, can opener, cap lifter), alox aluminum scales (no plastic to fail), spring-back mechanism (no locks), 84mm length optimal pocket size, made in Switzerland. Springs lose tension over decades (20-30 years) but repairable by Victorinox service. Opinel No. 8: Single carbon or stainless blade, beechwood handle, Virobloc locking ring (rotates to lock open/closed), French manufacture since 1890, 8.5cm blade. Stainless for pocket carry (less maintenance), carbon for sharper edge if rust prevention acceptable.",,,"Modern tactical folders (Benchmade, Spyderco $100-200+) use exotic steels (S30V, M390) harder to sharpen without special stones, complex lock mechanisms (axis/liner/frame lock), pocket clips break/loosen, assisted opening (springs/torsion bars fail). Excellent for specific users but complexity/cost work against Platonic ideal. Multi-bit Swiss Army knives (Huntsman, SwissChamp) add complexity. Must declare by Form: multi-tool utility (Cadet) vs pure cutting (Opinel). Both last decades, both repairable, both <$40. Alternative: vintage Swiss Army knives often available $20-40 used.",REPAIRABLE,2.0,2026-01-16,Multiple products listed; category must be split or a single default declared.,"Form narrowed to a simple folding knife for daily cutting. Minimal parts (blade, handle, rotating Virobloc lock). Easy to sharpen, durable, inexpensive enough to use as a true tool.","Multi-tools are a different Form. Tactical folders add complex locks, clips, assisted-open mechanisms, and hard-to-sharpen steels."
38,Notebook,DECLARED,Mead Composition Notebook 100-sheet,$2-3,,"Sewn binding (pages stitched in signatures of 4-8 pages-signatures sewn together through fold). Stiff cardboard covers protect pages. College-ruled or wide-ruled. Marble pattern cover classic design. Made in USA or Mexico. Sewn binding more durable than glue-even with heavy use pages rarely separate. Manufactured with essentially identical specs for 100+ years. At $2-3, unbeatable value for durability. Replace when full, not when broken. Not archival paper (15-16 lb, may contain recycled content) but functional for decades.",,,"Spiral notebooks: metal or plastic spiral catches on bags, snags clothing, pages tear out at perforation. Spirals deform with pressure. Wire can rust or break. Moleskine ($15-20) uses elastic closures and ribbon bookmarks (nice features) but binding is glued not sewn-pages separate with heavy use, paying $15 for Italian branding vs $2 for equivalent function. Perfect binding (glue only, no stitching) fails over time even in expensive journals (Leuchtturm1917, Rhodia)-pages separate near spine. Legal pads (Ampad Gold Fibre $5-8 for 50 sheets) semi-disposable by design-tear off used pages, useful for transient notes not permanent records.",DURABLE,4.0,2026-01-16,,,
39,Pen,DECLARED,Parker Jotter Stainless Steel,$10-15,,"Stainless steel or brass body lasts indefinitely-it's metal, no degradation. Simple retractable mechanism (spring-loaded with rotating cam) durable and serviceable. Parker Quink refills standard ($4-6 each, writes ~3-4 miles). Manufactured since 1954 with minimal changes. Made in France or USA (pre-2010) or China (current). Body reusable forever, refills commodity items. Not perfect (refills semi-disposable) but best compromise between durability and function. At 500 pages per refill, $6 refill = $0.012/page. Disposable Bic Cristal $0.30 writes similar distance so cost-per-page similar BUT Jotter body permanent.",,,"Disposable pens (Bic Cristal $0.20-0.30, Pilot G2 $2-3) pure consumption with no recovery path. Gel pens (G2, EnerGel, Signo) write smoothly but ink water-based (smears when wet), dries out faster in cartridge, refills $2-3 approaching new pen cost, not archival (fades over decades). Fountain pens (Lamy Safari $30, Pilot Metropolitan $15, high-end Pelikan/Montblanc $200-800) theoretically more durable (refillable from bottles, metal nibs last decades) BUT require maintenance (ink dries in nib if unused, requires cleaning), pressure-sensitive writing, paper quality matters-hobbyist tools not universal instruments. Luxury ballpoints (Montblanc, Cross $200-500+) same refill technology as $15 Jotter, paying for brand/precious metals/aesthetics not function.",REPAIRABLE,4.0,2026-01-16,,,
40,Cutting Board,DECLARED,John Boos Block Edge-Grain Maple 18 in x 12 in x 1.5 in,$60-80,,"Hard maple (tight grain, naturally antimicrobial from tannins/resins), edge-grain construction (wood strips glued on edge-durable and stable), optional juice groove catches liquid. Requires food-grade mineral oil monthly initially then every 3-6 months ($8 for bottle lasting years). Made in USA (Effingham, IL) since 1887. When deeply scored, can be sanded flat and re-oiled. 20-30+ years with care. Wood has natural antimicrobial properties, self-healing (knife cuts between fibers in end-grain, or across fibers in edge-grain but board doesn't harbor bacteria like plastic). Maintenance: wipe with damp cloth (don't soak), oil regularly, never dishwasher, store flat.",,,"Plastic scores deeply within 1-2 years, harbors bacteria in grooves, no self-healing, non-recoverable. Premium plastic (San Jamar Saf-T-Grip $30-40) lasts longer but still develops grooves. Only advantage: dishwasher-safe. Some commercial kitchens require plastic for health codes (color-coding meat/veg). Bamboo ($20-40) marketed eco-friendly but bamboo is grass not wood (denser, harder on knives), glued construction can delaminate. Glass/ceramic destroys knife edges in single use. End-grain ($150-300) better (knife-friendliest, most self-healing) but expensive and requires 2 in+ thickness for stability. Wood requires maintenance (oiling) but is recoverable-without care cracks/warps/fails 3-5 years.",DURABLE,4.0,2026-01-16,,,
41,Vacuum Cleaner,EMPTY,,,,"Every vacuum has motor that will fail. Motor never user-serviceable even in repairable commercial or Miele units-requires technician service at costs approaching replacement. Sanitaire Professional SC679J ($200-250): metal construction, universal bags ($20 for 50), serviceable motor (brushes replaceable), belt-driven brush roll (belt $5 user-replaceable), no electronics. BUT motor burns out 5-10 years heavy use (15-20 residential)-replacement $80-120 plus labor approaches half new cost. Miele Complete C3 ($500-800): German engineering, bagged, repairable by dealers, 7-year warranty BUT motor brushes wear, wiring harness issues, plastic becomes brittle, repairs $150-300.",,,"Sealed motors non-user-serviceable in all models. Proprietary bags/filters (except Sanitaire universal). Bagless (Dyson $300-600) use cyclonic separation but fine dust passes through and enters motor-motors fail prematurely 3-7 years. Battery-powered models (Dyson V11, V15) fail through battery obsolescence 3-5 years. Belts consumable, hoses crack and leak suction, filters clog/degrade, plastic housings crack. Even longevity champions (Sanitaire, Miele) last 10-15 years residential-decent but not Platonic. Category needs: user-replaceable motor (modular, <$50, 15-min swap), universal bag system, metal construction, no electronics, 20-year parts guarantee, published service manuals. Vintage Kirby (1990s-2000s) all-metal, fully serviceable, lasted 20-30 years but parts network collapsed, heavy (25+ lbs), expensive ($1,500-2K in 1990s dollars).",,4.0,2026-01-16,,,
42,Bicycle,DECLARED,Surly Long Haul Trucker,"$1,400-1,600",,"Chromoly steel frame (4130 steel-repairable by welding if damaged, doesn't suddenly fail like carbon fiber), threaded bottom bracket (standardized not press-fit), mechanical components (no electronics), standard derailleur hanger (replaceable), 26 in or 700c wheels (parts always available), rack/fender mounts. EVERY component replaceable: frame 20+ years (weldable), wheels rebuildable (rims wear from braking but rebuildable $200-400), drivetrain $200-400 every 3-10K miles, cables $20-40, bearings $15-40 per set. With regular maintenance indefinite: chain lube every 100-300 miles, cable adjustment quarterly, brake pads 500-2K miles, tire replacement 1-3K miles.",,,"Carbon fiber frames ($2K-10K) lighter but irreparable after impact (splinters not bends), catastrophic failure mode, expensive investment totaled by single crash. Department store bikes ($100-200) use mild steel (heavy, weak), low-quality components fail quickly, non-standard sizing, poor welding-not rebuildable, false economy. Modern road bikes (Trek, Specialized, Giant $2K-8K) use press-fit bottom brackets (fail prematurely, require $200+ tools), electronic shifting (batteries, firmware, proprietary parts), thru-axle wheels (less standardized), integrated cable routing (difficult service)-excellent race bikes but over-engineered for daily transport. Used vintage option most rational: let someone pay depreciation, buy quality frame, rebuild components as needed.",REPAIRABLE,2.0,2026-01-16,Multiple products listed; category must be split or a single default declared.,"Steel touring bike built around standard, rebuildable components. Chromoly frame, threaded standards, mechanical parts. Frame can last decades; consumables (chain, tires, brake pads) are expected maintenance.","Carbon frames are difficult/unsafe to repair; modern proprietary standards (press-fit, integrated routing, electronic shifting) reduce rebuildability."
43,Dining Chair,DECLARED,Vermont Woods Studios Windsor (or similar solid hardwood traditional chair),$400-500,,"Solid hardwood (cherry, maple, or walnut), traditional joinery (spindles inserted into drilled holes with tight interference fits-mechanical joints, wood expansion/contraction creates lock). Heavy (12-15 lbs per chair = stability). No upholstery means no consumable fabric. No assembly required (arrives as one piece). When joints loosen after 15-20 years daily use, regluing $40-80 per chair or DIY with wood glue and clamps. Alternative: Used vintage solid wood chairs (Heywood-Wakefield, mid-century designs $100-300 per chair) with immediate joint inspection/reglue if needed.",,,"IKEA dining chairs ($50-150) use particleboard frames with veneer, dowel joints with cam-locks (loosen over time, non-rebuildable once particleboard fails), thin wood that cracks, fashion-forward designs optimize shipping over longevity-last 3-7 years before joints fail, regluing doesn't work (particleboard doesn't hold glue). Metal chairs (Tolix, industrial $100-200) durable but uncomfortable for long sitting, welded joints can fail, powder coating chips, no cushioning-good for commercial use not home dining. Upholstered chairs add fabric as consumable (fabric wears at contact points, foam compresses 5-10 years, reupholstering $150-300 per chair approaches cost of new). At $400-500 x 6 chairs = $2,400-3,000 for dining set (out of reach for most-used/vintage market or sales make accessible).",CONSUMABLE,4.0,2026-01-16,,,
44,Printer,EMPTY,,,,"All printers fail 3-12 years through electronics, mechanical wear, or ink monopolies. Inkjet ($50-200 consumer): cartridge DRM chips verify authenticity, ink low warnings shut down with 20-40% remaining, replacement $40-80, page cost $0.15-0.30, print heads clog if unused weekly. Business model: sell cheap printer, extract profit through ink. Tank inkjet (Epson EcoTank, Canon MegaTank): large refillable tanks, bottles $15-20, page cost $0.01-0.02 BUT print heads still clog, electronics fail, 5-7 year lifespan. Laser (Brother HL-L2350DW $100-150): toner doesn't dry out, page cost $0.02-0.05, BUT drum units wear $100-200 every 10-20K pages, fuser units fail $150-300, electronics fail.",,,"Ink cartridge DRM prevents refilling. Print heads sealed/clog. Electronics fail (control boards, sensors, wifi modules). Mechanical wear (paper feed, fuser, drum). Repair economics: parts + labor approach new printer cost. Driver support: OS updates break printer drivers forcing replacement. Even commercial (HP LaserJet Pro M404dn $400-500) designed for 5-year replacement cycle. Brother laser printers least bad (don't aggressively push ink subscriptions, third-party toner mostly works, better reliability than HP/Canon/Epson) but still 8-12 years home use before major component failure. Category needs: open ink/toner (no DRM, no proprietary cartridges), user-replaceable mechanical components, published service manuals, 15-year driver support commitments, modular electronics. For occasional printing, library/print shop ($0.10-0.25/page) may be more rational than ownership.",,4.0,2026-01-16,,,
45,Socks,DECLARED,Darn Tough Vermont Merino Wool,$20-28/pair,,"64% merino wool, 33% nylon reinforcement (heel/toe wear areas), 3% Lycra spandex (elastic). Unconditional lifetime warranty (worn-through socks replaced free, no questions). Made in Vermont (Northfield), seamless toe construction (no friction points), True Seamless technology (knit structure not sewn). Typical lifespan before warranty replacement: 2-5 years depending on use. Functionally permanent through company commitment not rebuilding-warranty depends on company survival (different from rebuild-based permanence like cast iron). Choose cushioning level based on use (light, midweight, full cushion).",,,"Cotton socks ($8-12 Carhartt, Dickies) thicker cotton blend, less moisture management (cotton stays wet), develop holes 6-18 months daily use, no warranty-pure consumption. Smartwool ($18-25) similar merino construction but 2-year warranty only (not lifetime), quality declined since VF Corp acquisition. Synthetic socks (acrylic, polyester) pill permanently and retain odor. Traditional darning (sewing holes closed with yarn) possible but requires skill/time (30-60 min per darn), darned areas less comfortable (bumpy), most lack tools/knowledge-practically extinct skill. Socks inherently wear through at heel/ball from friction-2-5 years not truly rebuildable but warranty makes functionally permanent for user.",WARRANTY,4.0,2026-01-16,,,
46,Watch,DECLARED,Seiko SNK809 Automatic,$75-100,,"Seiko SNK809: Automatic (self-winding) Seiko 7S26 movement, no battery/electronics, service $150-250 every 10-15 years, indefinite lifespan with maintenance, hardlex crystal (scratch-resistant not sapphire), 30m water resistance (splash not swimming), canvas/nylon strap replaceable, made in Japan. Accuracy ±20-45 sec/day acceptable for mechanical. Parts availability excellent-Seiko movements widely serviced. Casio F-91W: Quartz movement, 7-year battery life (CR2016 $3-5 replacement), resin case/strap, made since 1989, 10-20 year lifespan before movement fails, $15-20 replacement so cheap service vs replacement moot-$1-2/year total cost ownership.",,,"Smartwatches (Apple Watch, Garmin, etc.) EMPTY by definition: 3-5 year battery lifespan (lithium degrades, not replaceable rational cost), software obsolescence (OS updates stop, apps require newer), sealed construction. Even Apple Watch Ultra ($800) same mechanisms. Swiss mechanical (Omega, Rolex, Tudor $3K-10K+) higher quality finishing, better accuracy (±2-10 sec/day COSC), service $500-1K every 5-10 years-theoretically rational at $5K but emotional attachment works against tool-use (you baby expensive watches). Fashion brands (Fossil, Michael Kors $100-300) cheap Chinese movements fail 2-5 years, service > replacement, poor parts availability.",REPAIRABLE,2.0,2026-01-16,Multiple products listed; category must be split or a single default declared.,Mechanical automatic watch avoids batteries and can be serviced indefinitely. Widely supported movement and parts ecosystem; service every 10–15 years is expected maintenance.,Smartwatches are inherently EMPTY (battery + software obsolescence). Quartz is rational consumption but not rebuild-based permanence.
47,Shoes,DECLARED,Alden 990 Plain Toe Blucher (Barrie last),$250-425 new / $100-200 used pre-2016,,"Calfskin leather upper, Goodyear welt construction (upper/insole/sole stitched through welt strip-allows resoling without damaging upper), cork midsole (molds to foot, compresses over time but replaceable), leather sole, made in USA (Port Washington, WI). Recrafting service $150-175 from Allen Edmonds. Resole costs $100-175 every 3-7 years depending on use. Can be resoled 3-5 times before upper wears out. Total lifespan 10-20 years. Pre-2016 USA-made preferred (acquired by Caleres 2016, quality drift). Casual/sneakers EMPTY: foam midsoles compress, cemented construction, 1-3 year lifespan.",,,"Cemented construction (most shoes <$200 Florsheim, Rockport, Cole Haan, Johnston & Murphy) glued soles not stitched-cannot be resoled economically, last 2-5 years before sole separates, pure consumption. Ultra-premium (Alden, Edward Green, John Lobb $500-1,500) use same construction as Allen Edmonds-slightly better leather, hand-finishing, brand prestige but functional lifespan similar, diminishing returns above $400 unless fit exceptional. Blundstone ($180-200) casual Chelsea boots last 3-7 years but polyurethane sole not resolvable in practice, elastic loses tension eventually. SNEAKERS/ATHLETIC SHOES = EMPTY: EVA foam midsoles compress 300-500 miles (1-2 years active use), cemented construction, even premium (Nike, New Balance $120-180) fail through midsole compression.",REPAIRABLE,4.0,2026-01-16,You reference pre-2016 build quality; consider splitting by era or adding sourcing rules.,,
48,Food Storage Container,SPLIT_REQUIRED,,,,"Glass containers indefinite lifespan. Vintage Pyrex (pre-1998) uses borosilicate glass (superior thermal shock resistance, oven-safe to 450°F, available used $5-20 per container, original lids likely degraded). Current Pyrex (post-1998) uses soda-lime glass (less thermal shock resistant, can shatter with rapid temp change, still dishwasher/microwave safe). Anchor Hocking TrueSeal: soda-lime glass, BPA-free plastic lids with silicone seals, leak-proof, made in USA. LIDS ARE CONSUMABLE: plastic lids crack/warp/lose seal 3-7 years typical, silicone gaskets degrade 5-10 years, replacement lids $5-15 each but matching discontinued models luck-dependent. Accept lid replacement as maintenance like knife sharpening. Alternative: ECOlunchbox stainless ($30-35) for dry storage/transport where leak-proof not required-indefinite lifespan, no plastic, not microwave-safe (metal).",,,"Plastic (Tupperware, Rubbermaid, Ziploc $15-20) stains from tomato/turmeric, absorbs odors, warps in dishwasher, lids lose seal, 3-7 years before replacement. Premium plastic (Sistema, OXO) similar degradation despite higher initial cost. Current Pyrex (soda-lime) less thermal shock resistant than vintage borosilicate (can shatter cold water on hot glass). Lids are weak point for all glass storage-plastic/silicone components consumable but glass itself permanent. This is pragmatic compromise: glass indefinite, accept lid replacement every 5-10 years at $5-15 each (routine maintenance not engineered obsolescence).",,,2026-01-16,Split into Glass Food Storage Containers vs Dry-Goods Containers (different sealing + failure modes).,,
49,Level,DECLARED,Stabila Type 196 48 in,$100-120,,"Aluminum profile (1.5mm thick walls-rigid), 3 bubble vials (top-read horizontal, two vertical) precision-set and sealed (won't fog or leak), removable end caps (shock absorption, replaceable $10-15 per cap), accuracy 0.029° (0.5mm/m). Lifetime accuracy guarantee: if level fails accuracy test, Stabila replaces free. Made in Germany. 20-30+ years with care. Add Stabila Type 81S 9 in torpedo ($30-40) for confined spaces. 48 in length optimal for most uses-longer (72-96 in) more accurate for long spans but unwieldy, shorter (24 in) portable but less accurate over distance.",,,"Empire, Johnson, store-brand levels ($20-50 for 48 in) use thinner aluminum (dents more easily affecting accuracy), lower-quality vials (less accurate, can fog), no accuracy guarantee, last 5-10 years before accuracy degrades through repeated drops/denting. Laser levels battery-dependent (consumable 2-5 years) + electronics fail + more expensive ($100-500)-useful for specific applications (tile, framing) but bubble level more universal and no power required. End caps crack with drops (replaceable). Aluminum profile can dent/bend with severe abuse (affects accuracy). Vials theoretically can leak but rare with quality levels.",WARRANTY,4.0,2026-01-16,,,
50,Drill Bits,DECLARED,"Viking Drill & Tool HSS Jobber-Length Twist Bit (M2, 118° split point)",$2-8 each,,"HSS (high-speed steel, M2 grade) standard for general drilling in wood/metal, resharpenable with drill bit grinder ($60-200 equipment) or skill with bench grinder but resharpening requires equipment/skill and each sharpening shortens bit-eventually too short. Cobalt (M42 grade, 5-8% cobalt) 2-3x cost of HSS ($5-15 per bit) but lasts 2-5x longer in hard materials (stainless, hardened steel), also resharpenable. Brad point bits for wood (center point + cutting spurs create clean holes, less tear-out, Viking/Colt sets $40-80 for 1/16 in-1/2 in). Forstner bits for large flat-bottomed holes (Freud $10-30 per bit, resharpenable flat cutting edges). Buy quality individually rather than cheap sets. Semi-consumable: 5-20 years depending on use frequency and material drilled.",,,"Cheap sets dull immediately, poor concentricity (bits wobble). Masonry bits (carbide-tipped) purely consumable-when tungsten carbide tip chips or dulls, replace bit (not repairable). Small bits (<1/4 in) more rational to replace than sharpen ($2-5 new vs time/equipment to sharpen). Large bits (>1/2 in, $15-30 new) worth sharpening investment. New bits often more rational than resharpening for bits under $10-resharpening makes economic sense for expensive bits but not commodities. Accept semi-consumable nature: quality bits last 5-20 years but eventual replacement expected, not engineered obsolescence, just wear from use.",REPAIRABLE,2.0,2026-01-16,Multiple products listed; category must be split or a single default declared.,Form narrowed to general-purpose twist bits for wood/metal/plastic. Quality M2 HSS holds an edge and is resharpenable; buy individual common sizes as needed rather than cheap soft-steel sets.,Masonry carbide-tipped bits are a different Form and consumable; cobalt is for hard metals (different specialization); cheap sets dull immediately.
51,Extension Cord,DECLARED,US Wire and Cable 12/3 SJTW 50 ft,$50-70,,"12 AWG (American Wire Gauge) copper conductors, SJTW jacket (S=600V service grade, J=300V junior service, T=thermoplastic flexible in cold, W=weather-resistant outdoor use), 3-conductor (hot/neutral/ground), 15-amp capacity at 50 ft with minimal voltage drop, lighted ends indicate power presence, made in USA. 15-25 years light use (homeowner occasional), 3-7 years heavy use (contractor daily). Replaceable ends possible ($5-10) but requires cutting cord and wiring-often uneconomical vs $50-70 new cord. Multiple shorter cords better than one long (less voltage drop, more flexibility).",,,"Thin gauge (16 AWG or 14 AWG) causes voltage drop (tools run weak) and heat buildup (fire risk) under load. Cheap cords ($20-30 for 50 ft generic) use thinner copper (fewer conductors, more resistance), lower-quality jacket (cracks faster in cold/UV), fail 3-5 years regular use-false economy. Non-grounded (2-prong) unsafe for power tools. Molded ends fail from drops/crushing (replaceable but requires electrical skill). Jacket eventually cracks from UV/cold/physical abuse-repairable with electrical tape but safer to replace. Conductor breakage from repeated flexing at strain relief not visible-develops resistance, replace when detected. 100 ft cords have more voltage drop than 50 ft, multiple shorter preferred for most uses.",REPAIRABLE,4.0,2026-01-16,,,
52,Camping Stove,DECLARED,MSR WhisperLite,$100-110,,"MSR WhisperLite: Liquid fuel (white gas/Coleman fuel), pump-pressurized, field-maintainable with maintenance kit ($15-25: O-rings, jet, pump cup, fuel filter). Can also burn kerosene or unleaded auto gas with jet changes. MSR manufactured variants since 1984, parts widely available. Requires priming (learning curve) but works extreme cold and fuel refillable. Maintenance every 2-5 years. Coleman Dual Fuel: Runs Coleman fuel OR unleaded gasoline (flexibility), two burners (full cooking), heavy (12 lbs) for car camping, pump system serviceable, replacement parts available. Coleman manufactured two-burner camp stoves since 1923. Coleman Triton Propane: Uses 16.4oz propane bottles (standard threading, commodity fuel at any hardware store), simple valve system, parts available.",,,"Canister stoves (MSR PocketRocket, Jetboil) lightweight and fast but threaded canisters semi-proprietary (MSR/Jetboil/Snow Peak compatible but format could change), poor cold performance, canisters become litter. Excellent for backpacking but fuel format dependency. Electronic ignition (piezo igniters) batteries fail, not necessary (matches/lighter work). Sealed fuel systems non-serviceable. Aluminum burners corrode with exposure. Liquid fuel stoves universal-white gas widely available at outdoor retailers, can run on alternatives if needed. Propane is commodity (standardized, unlikely format change). Pump seals (leather cup, O-rings) dry out but replaceable $5-15. Fuel line can clog (cleanable, replaceable $10-15). Jet clogs from impurities (cleanable with wire, replaceable $5-10).",REPAIRABLE,2.0,2026-01-16,Multiple products listed; category must be split or a single default declared.,"Form narrowed to backpacking stove that is field-maintainable. Liquid-fuel, pump-pressurized, no electronics; maintenance kits and replaceable wear parts enable decades of use.",Canister systems depend on fuel format availability and perform poorly in cold; integrated systems lock you into proprietary cookware.
53,Mechanical Pencil,DECLARED,Pentel GraphGear 500 0.7mm (or 0.5mm for fine work),$5-8,,"0.7mm lead size (stronger, doesn't break easily-better for writing/note-taking, 0.5mm for detailed drawing/fine work), metal mesh grip, fixed plastic tip, refillable eraser (Pentel Z2-1N $0.30 each or 3-pack $2-3), metal internal mechanism, made in Japan. Simple advance mechanism (push button, clutch-based). Standard lead (Pentel Super Hi-Polymer 0.5mm or 0.7mm, $2-3 for 12 leads-one pack lasts months). 5-10 years regular use before internal clutch mechanism wears (lead doesn't advance properly) or springs fatigue. At $5-8, rational replacement cost ($0.50-1.60/year).",,,"Rotring 600 ($25-35) premium: all-metal construction (brass body, knurled grip), retractable tip, German design (now made Japan)-more durable body but same mechanism lifespan (5-15 years), at 4x price functional lifespan not 4x longer. BIC/Papermate disposable ($1-2) plastic mechanisms break, non-replaceable erasers, 1-3 year lifespan. Even quality mechanical pencils finite-internal clutch/springs wear. Alternative: Dixon Ticonderoga #2 wood pencils ($10/12) for ultimate simplicity but requires sharpener (manual/electric, creates waste). Mechanical pencils semi-consumable but $5-8 makes replacement rational vs repair when mechanism fails.",REPAIRABLE,4.0,2026-01-16,,,
54,Umbrella,DECLARED,GustBuster Classic Umbrella,$40-50,,"Davek Solo: Fiberglass frame, Teflon-coated fabric, lifetime guarantee (company replaces if breaks), made in China. Warranty-based permanence (like Darn Tough socks) not rebuild-based-depends on company survival. Gustbuster Classic: Double-canopy design (wind passes through), fiberglass ribs, lifetime warranty, better wind resistance than cheap umbrellas. Both 5-10 years before failure typical. NEAR-EMPTY: Even premium umbrellas ($100-150) fail through wind stress, rib fatigue, fabric tears, mechanism jams within 5-10 years maximum. Repair not economical. Category struggles with inherent challenges: wind gusts create massive force on canopy, repeated flexing fatigues ribs, compact folding adds mechanical complexity.",,,"Most umbrellas ($15-100) fail 1-5 years: ribs bend in wind permanently (cheap metal/fiberglass), fabric tears at seams or stress points, mechanisms jam or break (shaft connectors, sliding runners), handles separate from shaft. Blunt ($99-119) rounded edges (Blunt tips) distribute wind force, patented canopy tensioning, 2-year warranty-better wind resistance but still fails 3-7 years. Rational alternative: Accept umbrellas consumable and buy cheap manual stick umbrella $15-25, replace every 3-5 years guilt-free. Even best options are warranty-dependent not rebuildable. Wind stress + mechanical complexity defeat even premium engineering. This is different category from tools-more like toothbrush (fundamentally consumable) but without 3-month replacement cycle.",WARRANTY,2.0,2026-01-16,Multiple products listed; category must be split or a single default declared.,Best approximation of permanence via a wind-resistant double-canopy design and lifetime warranty. Umbrellas remain inherently failure-prone; warranty is the only practical recovery path.,Most umbrellas fail 1–5 years; even premium models are borderline-EMPTY due to wind stress and mechanical fatigue.
55,Ladder,DECLARED,"Werner 6 ft Fiberglass Step Ladder (Type IA, 300 lb)",$150-200,,"Fiberglass rails (non-conductive safe near electrical, doesn't corrode like aluminum, UV-resistant), aluminum steps (slip-resistant tread), steel hardware (bolted not riveted), Type IA rating (300 lb capacity-heavy duty, higher ratings use heavier materials lasting longer even under lighter loads). Made in USA. Replaceable feet ($10-20), rope on extension ladders ($15-25). 20-30 years light use (homeowner, indoor storage), 10-15 years heavy use (contractor, outdoor storage). UV exposure main degradation-fiberglass can delaminate 15-20 years but replaceable parts extend life. Store out of direct sun. Extension ladder: same construction, rope and pulley system (rope replaceable), external guide brackets wear-resistant.",,,"Aluminum ladders ($100-150 for 6 ft step) lighter (easier to move) but conductive (electrical hazard), corrode in salt/moisture environments, dent and deform under stress, cheaper but shorter lifespan (10-15 years typical). Wood (vintage 1950s-70s) heavy (oak, ash), require maintenance (joints loosen, wood can crack), rot risk if stored wet-beautiful but maintenance-intensive, obsolete for professional use. Little Giant articulating ladders ($200-400) complex hinge mechanisms (failure points), heavy (35-50 lbs for models replacing 6 ft step), more versatile but less durable than dedicated ladders-hinges and locks wear out. Type III (200 lb) too light for longevity. Spreaders on step ladders can bend/crack but replaceable from Werner. Bolts and rivets loosen but tightenable/replaceable.",REPAIRABLE,2.0,2026-01-16,Multiple products listed; category must be split or a single default declared.,Form narrowed to a household A-frame step ladder. Fiberglass rails are non-conductive and durable; Type IA rating uses heavier materials; replaceable feet and serviceable hardware support long life with inspections.,Articulating ladders add hinge/lock complexity; aluminum conducts electricity; lighter-duty ratings use thinner materials and fail sooner.
56,Wheelbarrow,DECLARED,Jackson M6T22 (or Ames equivalent) 6 cu ft steel,$120-150,,"Steel tub (16-gauge seamless, rust-prone but weldable-can be patched/welded if cracked/punctured, dents rather than cracks), hardwood handles (ash/hickory, replaceable $30-50 per pair or DIY from lumber), 16 in pneumatic tire (air-filled, replaceable inner tube $8-12 or full tire/tube assembly $25-40), bolt-together construction (rebuildable), made in USA (Ames, IA-Jackson bought by Ames). Requires rust prevention: keep tub painted or oiled once every 2-3 years. 20-30+ years with maintenance. Store under cover to extend life (or accept faster rust from weather exposure). 6 cu ft optimal balance capacity vs manageability.",,,"Poly tub wheelbarrows ($80-120) HDPE/polypropylene rust-proof (major advantage) and lighter BUT cracks under impact or UV exposure 5-15 years, not repairable when cracked-poly is lower maintenance (no rust) but finite lifespan (plastic degrades). Steel requires maintenance but indefinite with care. Handles rot or crack 10-20 years but replaceable. Pneumatic tire flats (patch or replace tube $8-12). Rust inevitable on steel-small holes patchable/weldable, complete rust-through takes 15-25 years depending on storage/maintenance. Bent axle can be straightened or replaced ($15-25). Broken welds re-weldable with skills/equipment. Two-wheel models more stable on slopes but more complex, heavier, harder to maneuver. 10+ cu ft capacity too large/heavy when loaded.",REPAIRABLE,4.0,2026-01-16,,,
57,Wallet,DECLARED,Saddleback Leather Bifold Wallet,$42-58,,"Saddleback: Full-grain leather (4-5 oz thickness top layer of hide-strongest), pigskin lining (durable, thin), 100-year warranty, saddle-stitched with waxed thread, simple 4-card + 2-currency pocket design, made in Mexico. 15-25 years before major repair needed. Stitching eventually breaks (re-stitchable by leather worker $20-40 or DIY), leather stretches at card pockets (normal break-in but excessive means too thin), corner wear at high-friction areas (patchable but aesthetic compromise). Machine Era: Machined metal (brass or titanium), elastic band holds cards, no leather to break down, minimal (5-8 cards + cash), CNC-machined in USA. Indefinite base, elastic band consumable (replace every 2-5 years, $8-12). Metal heavy in pocket, cards can slip if band fails. Alternative: Vintage Coach bifold (1980s-90s USA-made, $30-80 used) often excellent condition, quality exceeds current Coach production.",,,"Bonded leather (most mall wallets $20-40, marketed as genuine leather) is leather scraps + polyurethane binder-peels and cracks 2-5 years. Top-grain leather (sanded/buffed surface, coated with polyurethane/pigment) coating eventually cracks/peels-still decent but not as durable as full-grain. Thin leather (<3mm) stretches permanently at card pockets. Complex mechanisms (money clips, RFID-blocking tech) add failure points. Fashion brands (Gucci, Ferragamo $400-800) similar or thinner leather with brand markup. Full-grain develops patina rather than degrading.",WARRANTY,2.0,2026-01-16,Multiple products listed; category must be split or a single default declared.,"Full-grain leather, simple bifold construction, long-wearing materials; stitch repairs are possible and patina improves with age. 100-year warranty adds an additional recovery path.",Bonded/genuine-leather wallets peel and crack quickly; metal wallets are a different Form (material/aesthetic and elastic consumables).
58,Briefcase,DECLARED,Filson Original Briefcase,$295-325,,"Filson: 22 oz Rugged Twill (waxed cotton canvas-very thick, abrasion-resistant, develops patina), bridle leather reinforcements and handles, brass hardware, no laptop sleeve (add separate or accept), made in USA, lifetime repair service, water-resistant (not waterproof). Wax treatment renewable with Filson wax or Otter Wax ($15-25 for tin) every 2-3 years. 20-30+ years with re-waxing and repairs. Tom Bihn: 1050D ballistic nylon (lighter than canvas/leather, water-resistant, abrasion-resistant, modern aesthetic), adjustable dividers, dedicated laptop compartment, multiple organizational pockets, lifetime repair service, made in Seattle. 15-25 years. Less patina appeal than Filson but more organizational features (potential complexity/failure in dividers).",,,"Thin nylon abrades through. Weak handles tear at mounting points (re-stitchable $40-80). Cheap zippers fail (YKK #8-10 replaceable by repair shop $60-100). Foam laptop sleeves compress permanently. High-end leather briefcases ($500-2K Saddleback, Colonel Littleton) beautiful and develop patina but heavy (6-10 lbs empty), expensive, not significantly more durable than Filson canvas-leather is aesthetic choice not functional necessity. Vintage Hartmann luggage briefcase (1970s-80s, $50-150 used) ballistic nylon over aluminum frame, hard-sided (bombproof protection), combination locks (can fail, replaceable but requires disassembly), heavy (8-12 lbs), dated 1980s businessman aesthetic. Canvas can tear at stress points but patchable. Hardware (buckles, D-rings) can fail but replaceable.",REPAIRABLE,2.0,2026-01-16,Multiple products listed; category must be split or a single default declared.,22-oz waxed canvas with bridle leather reinforcements and brass hardware. Water resistance is renewable via re-waxing; zippers/handles are repairable; supported by a repair service.,"Thin nylon abrades and zippers fail early; complex organizer bags add more seams, foam, and failure points."
59,Hat,DECLARED,Tilley T5 Cotton Duck Hat,$80-95,,"Tilley T5: 100% cotton canvas, 3 in brim UPF 50+ sun protection, hidden pocket in crown, lifetime guarantee (replace if wears out-company commitment not rebuilding), made in Canada, floats in water, ties under chin. 15-25 years outdoor use. Minus33: 100% merino wool (no synthetic), natural warmth/moisture management, made in USA, 10-20 years with care (hand wash, lay flat). Stetson: 6X quality beaver fur felt, leather sweatband (replaceable), 3 in brim, made in USA, can be re-shaped/re-steamed by hatter, professional cleaning/shaping available, 20-30+ years. Vintage Stetson (1940s-60s, $100-300) often higher quality. Ebbets: 100% wool fabric (no foam, no mesh), unstructured or structured crown, leather or fabric strap, made in USA, vintage 1940s-50s styling, 10-20 years. Modern athletic caps EMPTY (foam fronts degrade/yellow/lose shape 3-7 years).",,,"Cheap felt hats lose shape quickly. Synthetic fabrics pill or degrade. Fashion hats prioritize appearance over durability. Baseball caps with foam front panels (most modern Nike, Under Armour $25-35) degrade, yellow, lose shape 3-7 years-foam is countdown timer, plastic snapback adjusters crack. Even premium gel/gel refillable gel pens use proprietary refills cost nearly as much as new pens. Carhartt Acrylic Watch Hat A18 ($15-18) value alternative for cold weather-acrylic knit, 5-10 years typical, cheap enough not to worry about losing.",WARRANTY,2.0,2026-01-16,"Multiple products listed; category must be split or a single default declared. Split suggested: Sun Hat, Cold Weather Beanie, Dress Felt Hat, Casual Ball Cap.","Form narrowed to sun hat: wide brim, durable cotton duck, long lifespan plus lifetime guarantee. Breathable, abrasion-resistant, and designed for outdoor use for decades.",Beanies/fedoras/baseball caps are different Forms; cheap sun hats use thin fabric and fail sooner without a lifetime guarantee.
60,Gloves,DECLARED,Dachstein 4-Ply Boiled Wool Mittens,$60-75,,"Dachstein: 100% boiled wool (Austrian), 4-ply thickness, lanolin-rich (naturally water-repellent, can be re-lanolized if diminishes), traditional construction. 15-20 years with proper care (hand wash, lay flat). Mittens warmer than gloves (fingers share warmth). Chester Jefferies: English leather (capeskin or deerskin), cashmere lining, made in UK since 1765, hand-sewn construction. 10-20 years with care. Can be resoled/relined by glove specialists (rare, expensive $40-60). Wells Lamont: Grain cowhide leather work gloves, keystone thumb (ergonomic), elastic wrist, made in USA options available. SEMI-CONSUMABLE: 1-3 years heavy use. At $12-20/pair, replacement every 1-3 years rational. Work gloves inherently consumable-leather wears through at stress points. Even premium leather work gloves ($50+) wear through with daily use (2-3 years)-not economical vs $15 replacement.",,,"Thin leather tears easily. Synthetic insulation (Primaloft, Thinsulate) compresses permanently over years. Coated gloves (nitrile, latex, PU) coating degrades in weeks to months-disposable by design, fine for light tasks not durable. Fashion gloves prioritize appearance. Heavy-duty welding gloves (Tillman 1418 cowhide drivers $15-20) last 6-12 months heavy use. Work gloves are consumable like drill bits-even quality ones wear through with use. Question is cost vs lifespan: $15 gloves lasting 1 year more rational than $50 gloves lasting 2 years. Cold weather and dress gloves can be long-lasting with care, but work gloves must be accepted as semi-consumable tools.",REPAIRABLE,2.0,2026-01-16,"Multiple products listed; category must be split or a single default declared. Split suggested: Cold Weather Mittens, Dress Gloves, Work Gloves (consumable).","Form narrowed to cold-weather hand protection prioritizing warmth and longevity. Boiled/felted wool is durable, wind-resistant, and insulates when damp; with proper care these can last decades.",Work gloves are inherently consumable; synthetic insulated gloves compress and lose warmth over time; dress gloves are a different Form.
61,Toothbrush,CONSUMABLE,Oral-B Indicator Soft (manual),$2-3,,"FUNDAMENTALLY CONSUMABLE like pen refills or razor blades. ADA recommends replacement every 3-4 months as bristles wear out (splay, lose stiffness, become less effective). Manual: Soft bristles (ADA recommended-hard/medium damage enamel), indicator bristles fade when replacement needed, simple plastic handle, 3-4 months lifespan. $80-120 total cost per decade (quarterly replacement). Electric: Oscillating-rotating head, 2-minute timer, replaceable brush heads ($5-8 each quarterly), rechargeable NiMH battery degrades 3-5 years, motor lifespan 3-7 years. Base replacement $40-50 every 3-7 years. $280-370 total per decade. Electric more effective cleaning (clinical studies show better plaque removal) but 2-3x cost. Premium manual brushes ($5-8) aren't functionally better-bristles still wear 3-4 months. This is consumption category, not rebuildable. Best option still designed for replacement. No recovery path.",,,"Even best option disposable every 3-4 months. Electric bases have rechargeable batteries (NiMH, 3-5 years) and motors (3-7 years) that fail-when base fails, replacement $40-50. Brush heads consumable for both manual and electric. Bristles inherently wear from mechanical use-this is by design (worn bristles less effective at cleaning). Cannot declare toothbrush Platonic when it's consumable by nature, but can identify best value/performance within consumable category. This is like food storage lids (consumable component) but toothbrush is entirely consumable not just one component.",REPAIRABLE,2.0,2026-01-16,Multiple products listed; category must be split or a single default declared. Split suggested: Manual Toothbrush vs Electric Toothbrush base.,"Toothbrushes are fundamentally consumable: bristles deform and must be replaced every 3–4 months. This is material wear, not engineered obsolescence; best choice is simple, widely available soft-bristle brush.",Electric brushes clean well but add battery/motor failure modes and higher lifecycle cost; premium manual brushes do not extend bristle lifespan.
62,Razor,DECLARED,Merkur 34C Heavy Duty safety razor (DE - double-edge),$40-45,,"Chrome-plated brass head, zinc-alloy handle, two-piece design (handle unscrews from head), accepts standard DE blades (universal fit), made in Germany since 1896. Indefinite lifespan-no moving parts beyond screw threads. DE blades $0.10-0.30 each (Feather $0.30, Astra $0.10, Derby $0.12), bulk packs of 100 = $10-30. One blade lasts 3-7 shaves. Annual cost $15-30 for daily shaving. 10-year cost: $45 razor + $15-30/year x 10 = $195-345 vs cartridge (Gillette Fusion/Mach 3) $10 handle + $100-200/year x 10 = $1,010-2,010. Alternative: Edwin Jagger DE89 ($30-35) similar quality, slightly less expensive. BUT requires technique-learning curve 2-4 weeks, improper angle causes nicks, not as convenient as cartridge.",,,"Cartridge razors (Gillette Fusion, Mach 3) plastic handle $10-15, replacement cartridges $3-5 each lasting 5-10 shaves-pure consumption with no recovery path, designed around consumable blade monopoly (like printer ink). Annual cost $100-200 daily shaving. Electric razors (Braun, Philips $80-300) replacement foil/cutters $50-80 every 18-24 months, battery degradation 3-5 years, motor failure 5-10 years, not closer shave than blade. Straight razors (Dovo Solingen $100-200) indefinite blade life BUT steep learning curve (high injury risk while learning), requires daily stropping (5-10 min) with leather strop ($30-50), periodic honing/sharpening every 3-6 months (Arkansas stone $20-40 or professional service $15-25), time-intensive (15-25 min per shave vs 5-10 for safety)-hobbyist tool not practical for most users.",REPAIRABLE,4.0,2026-01-16,,,
63,Hair Dryer,EMPTY,,,,"All hair dryers fail through heating element (nichrome wire oxidizes with thermal cycling) or motor (2-15 years). Consumer models ($30-80 with DC motors) last 2-5 years. Professional AC motors (Elchim 3900 $200-230, Harry Josh Pro 2000 $300-350) last longer (5-15 years) but still sealed and non-serviceable. When heating element burns out or motor fails, replacement parts $50-100+ (if available) plus labor. For $300 dryer, $150 repair might be rational; for $80 dryer it's not. Even 15-year lifespan is designed obsolescence-heating element is countdown timer. Switches, thermal controls, power cords (constant flexing breaks conductors) all fail over time.",,,"Heating elements: Nichrome wire coils degrade with thermal cycling, eventually burn out or break, not user-replaceable in sealed units. Motors: Even AC motors (brushless, longer-life Italian) eventually fail (bearings wear, windings burn out), not user-serviceable. Ionic generators fail. Complex electronic controls add failure points. Power cord flexing breaks internal conductors (replaceable in theory but requires disassembly and electrical skill). Category needs: user-replaceable heating elements (<$30), user-replaceable motors (<$50), modular construction, published service manuals, 20-year parts guarantee. None exists. Some users buy cheap dryers ($30-50) and replace every 3-5 years-more honest than $300 dryers failing in 10-15 years.",,4.0,2026-01-16,,,
64,Desktop Computer,CONDITIONAL,Custom ATX Desktop (standard components) + Linux,"$940-1,850",,"Maximally repairable within PC category. Standard ATX case (Fractal Define 7 $150), standard ATX motherboard ($150-250), socketed CPU ($200-400), standard DDR4/DDR5 RAM DIMMs ($80-150), M.2 NVMe or SATA SSD ($80-150), modular ATX PSU ($80-150), discrete GPU PCIe ($200-600+). All components individually replaceable. Install LINUX for extended software support (Windows forces obsolescence-Win10 support ends Oct 2025, Win11 TPM 2.0 requirement excludes pre-2018 hardware). Replace PSU/storage/fans every 5-10 years ($100-200). Motherboard failure (10-20 years, capacitors age) triggers major rebuild (often need new CPU for socket change, new RAM for DDR standard change)-is this rebuilding or replacing? 10-15+ years achievable but NOT indefinite. Budget $200-400 every 5-10 years for component refreshes.",,,"Pre-built desktops (Dell, HP) use proprietary motherboard form factors, proprietary PSUs, planned obsolescence, 3-7 years typical. All-in-ones (iMac, Surface Studio) non-upgradeable, sealed construction, 5-8 years. Software support windows force obsolescence: Windows 10 ends 2025, each version ~10 years support. Linux (LTS releases 5+ years, lightweight distros run on old hardware) extends life 5-10 years beyond Windows. Motherboard failure the ultimate limit-when it fails (capacitors, chipset, BIOS chip), replacement $150-250 often requires new CPU (socket changed) + new RAM (DDR standard changed) = rebuilding 60-80% of computer. Not truly indefinite. GPU prices market-manipulated. Custom ATX maximally repairable but still has planned obsolescence horizon.",REPAIRABLE,2.0,2026-01-16,"Define the Form tighter (e.g., Repairable Desktop PC) or mark as CANDIDATE.","Maximally rebuildable computing Form: standardized ATX parts (PSU, case, GPU, RAM, storage) enable component-level replacement. Linux extends useful life beyond forced Windows obsolescence. Realistic horizon is ~10–15 years with periodic part refreshes.",Motherboard/CPU/RAM platform shifts force major rebuild every ~10–15 years; requires technical competence and willingness to run Linux.
65,Task Chair (New),CANDIDATE,,,"A new task chair that supports neutral posture for long desk work using components designed for replacement (arms, casters, cylinder, seat, back), with a parts ecosystem expected to last 15+ years.",,,,,,,2026-01-16,Child of Task Chair. Do not declare until model stability + parts availability verified.,,
66,Task Chair (Used),CANDIDATE,,,"A used-market task chair whose durability is proven by decades of institutional use and whose wear parts are replaceable, making refurbishment economically rational versus new.",,,,,,,2026-01-16,Child of Task Chair. May allow “Aeron Classic remastered” decisions later; requires sourcing rules.,,
67,Food Storage Container (Glass + Lid),CANDIDATE,,,"A food storage system where the container does not absorb odors/stains and the closure is replaceable, so the system remains usable for 10+ years.",,,,,,,2026-01-16,Child of Food Storage Container. Need to define lid replacement/availability standard.,,
68,Food Storage Container (Dry Goods),CANDIDATE,,,"A dry-goods storage container that keeps contents airtight via a simple, replaceable seal mechanism, remaining functional for years without lid warping or latch failure.",,,,,,,2026-01-16,Child of Food Storage Container. Different Form than fridge/freezer storage; focuses on airtight pantry storage.,,
